id,price
566,349754.53760674933
14621,119282.10586784466
7656,628288.3500591652
12304,122875.17453284777
2012,406502.95684897935
10117,645801.2528632241
5683,182358.9080888604
14035,449193.16819376574
9571,319617.42901131266
11853,252510.1254654068
7859,517935.5329720055
8085,389501.46354285954
13265,361398.4924046707
9698,382404.3241808483
13288,348485.15416663955
12591,572418.3737680264
2921,353438.9461231726
6187,461738.53641289927
3833,1165327.8764030389
10550,1411397.160312547
7748,995966.871093461
13749,921962.9293278544
251,397532.6030313808
12735,452696.43827611447
6802,369709.61921983364
14328,585554.6880199828
9937,-13904.321619808441
7222,524651.4800929832
339,422656.34094304487
5035,531986.8741593893
4097,557792.9696540276
3668,445490.0948669876
11085,1007603.9377976757
9904,1057081.575098283
6631,400677.8645931971
8470,533091.7428573822
4176,400253.86104417057
12662,800557.1151283323
5890,380607.76187823305
5653,3085569.079488543
10565,318281.22163009446
11480,889603.4564333381
13152,708252.7245274388
2088,201657.76677377778
10460,244204.7004770665
11982,477571.3684456397
8999,382858.9474913846
3045,563885.8656228558
13532,1343314.2258640318
7413,238507.0640831209
794,290369.05742163275
7971,66924.61097300757
2879,1088785.250851773
9100,216654.56096161692
2715,691585.06261612
4098,488611.1128664518
14896,387414.05815080216
13707,789969.423281892
2968,870120.7085182695
4871,185944.25251721323
5868,160665.9292478445
10398,289774.7520800459
9244,578636.2505856679
15065,1312756.3916961974
3059,151199.49077760713
5437,673151.0447788293
12722,401021.19469601556
708,427991.94557875756
884,835872.7568497416
3043,177659.53888044367
6977,589243.9961487653
12555,308707.0821873228
4153,429254.5819300915
1034,468769.4248274554
12231,405104.1695600061
1346,1394852.920467243
5205,160843.21045996057
3295,411970.1642373565
4802,789019.2889831068
11114,634100.4769323362
13790,395830.8971073533
1454,444783.42587466387
1593,488940.28178496973
4715,200991.45830398134
14086,809385.0720291431
2085,770103.6330750267
15090,372760.8466585401
11553,566760.8674193727
8827,584437.1749272315
3822,749639.5544999107
13744,401628.97266584646
6757,487164.7777919153
2406,502505.7335837713
937,481641.031632047
14388,408668.7604539217
12860,303406.85920826416
10427,429545.59401240124
11734,199923.31184104708
2813,498547.8488795934
7488,545081.1938308498
7691,922912.8965875588
8304,215642.82838921202
13797,514587.46283789095
12580,924571.6244590979
5888,377114.78713626805
10199,1104425.7348479305
3079,423869.45887234854
3804,656098.7133997674
12902,503974.1748387165
7453,291615.5418934427
10841,1094140.7545267679
14864,269960.9765936548
1053,1349223.7554743665
7333,354396.7017256643
13064,533906.0059393531
6148,263445.33511679986
13273,388823.8228550903
5156,241418.9379741979
9301,1007490.3518385484
11224,473737.2384333805
9226,397719.8634129218
6114,427872.41386375274
7677,332137.5151212056
4110,636071.8233242638
11562,455845.36282252404
11989,455174.0774824299
14060,701450.9174131252
12073,465452.6378348792
9930,869935.1032396078
14316,219512.1456455458
11943,218082.7100117241
10708,491021.0197565529
13458,542833.2684319754
14608,366630.1117247441
10134,440893.3065795696
1006,402489.5962583799
5532,390055.16000195383
10499,364378.1643291095
5547,535376.8093405958
11257,775587.8001996458
7030,954748.5003869687
1598,256866.2351448653
5828,241161.6301834818
14295,327380.5646527566
1547,715395.1870822681
10295,171744.67642020254
15008,1019490.3294513798
10309,459001.6492194671
12164,562889.5299697138
11364,1462848.2975644362
14518,518909.014171575
1611,214750.7245588557
379,918624.377030964
9247,449367.56572698813
8589,377397.62535214605
14005,1452703.6557423782
10832,417072.8116990876
14606,611393.691328699
13564,899042.9951718497
5106,341570.6495142393
7252,400980.68338656554
13579,859982.4774663058
4410,509322.38608146115
2771,608104.4936376145
10807,1386350.482561001
12864,945735.3045731226
8261,600836.7478940283
2081,291478.3829012413
5800,424355.7459360624
149,703726.2486058864
11868,514150.6249065334
10797,318131.2830662483
10316,1043727.6329943113
476,515290.59072701354
10182,-15569.107517386437
5318,314703.1354569148
14839,424924.9080182996
7799,692142.8180862429
10540,285802.8174354008
7159,108801.7838379151
12712,617971.5985971586
6518,611024.4738432717
169,1177300.079939466
14204,297064.7208471583
4985,365552.00596033165
2380,462004.8886243671
3877,392683.052689735
4043,519089.1720338387
3887,453808.5417020943
1530,534692.746966032
9113,548722.6435957944
7447,966985.3520609799
13754,590594.1739274268
8066,581774.1494869392
1684,2380443.207011064
4015,838098.8982276184
6366,1032060.5045351577
6800,485266.48157494096
5225,708437.8500782895
2519,494153.2896368684
3371,659390.551392487
6551,889962.416081018
6433,47544.88805279939
10767,489762.20120569493
8753,671431.3112632923
10862,732694.547550349
14310,404056.7998746554
13928,349654.56682604307
10781,1514537.6375892004
8348,747958.7639663181
11527,93720.13092445413
3437,1116568.0757440838
14847,759076.0141362324
3193,231493.54046992242
10154,410271.947092356
1123,959463.433946839
4257,178554.47436814517
9773,968663.239469335
9881,368877.63225995976
10575,1080378.7233467132
14900,336035.50418730173
13412,584710.2209507539
12399,1013899.1375026135
5960,804059.356385124
735,588384.8307134021
6887,477189.72178786754
1010,258960.7398598644
11184,408929.4102665972
3213,334887.18459540897
14048,781464.816169729
7759,1649339.9233804685
4965,226089.7818399975
12657,535533.4964263551
14118,805012.885283401
13229,305540.13287382387
487,859637.8272197524
3421,544245.3781790807
2495,458624.22219682817
88,401268.46708864067
5967,384124.1005074715
6987,788990.2527870567
5206,683836.531413655
4417,656657.9944345674
10908,884184.99348619
2974,856023.803124246
1580,456242.31994596415
7034,117303.46733035066
2150,828554.4608348805
9663,901099.2595099362
3402,609830.6094826186
2298,443210.22005070193
2069,675522.1497237964
7728,927098.0013954901
11828,681542.3298497838
4639,570548.5124000112
387,465774.7787057001
14167,930197.890389812
9761,1037408.87600126
914,455418.1280213846
4630,690017.4613646006
9568,344278.61674199026
8760,723505.5345384865
12711,380748.8924815726
12277,239498.2176978347
1493,511457.9770440678
7388,305860.09489854844
14816,524025.32748372696
10547,400483.66549659404
5922,328241.0151201022
11650,722149.2033858182
9992,182709.3188385761
11343,627413.2235157574
5846,395787.88372328656
9922,692027.7942602667
12908,559793.9054196941
9039,410216.41068435804
2678,310003.0071050703
4209,326710.92464782996
6661,249379.02552994038
2714,1156568.3673260626
9559,35502.005036430666
6475,1485222.2988996678
4393,513117.76224422135
1491,491794.4481110373
1799,263078.61101727444
4894,623581.8453845748
4101,1378459.5671415515
7864,228912.89569712454
8400,1003604.1928742009
4292,270628.57627024857
5422,629857.5069944265
1225,228648.95957490295
411,498297.59524764295
11124,549549.5515311805
4842,286295.13963495963
2128,211376.45967137173
7247,753661.8242098792
9683,269745.9767242339
12382,775220.0742990089
11711,1544.0947048033122
11391,832474.7295008798
351,400058.1145570136
5034,857007.283330635
3589,144860.29019347805
9255,489978.01533636305
1035,955355.0927122454
6466,683065.6916841893
4993,597417.2839812022
9775,304436.48118952627
13530,514730.9610183131
4194,969267.3941320872
2534,337868.2770881721
10776,425212.18315343704
3187,259586.115203709
1323,391574.174868367
4202,167173.33705314284
10515,858669.693513383
2876,522186.5430312744
3120,372964.78808707057
8020,570259.7610583573
12414,836802.3709748463
10672,395681.82012533396
11554,734125.0776114147
12092,445704.17396297
10694,1208315.6620277604
9156,530703.04145234
6393,389005.0437972243
11370,367353.6785067741
4502,45400.11878606398
6037,62999.31903521437
10065,893811.3833034339
13905,631851.2492961553
3307,482919.4395538978
6832,862647.8247100126
14522,789682.2550886458
2481,800523.7917283888
1713,374577.8710319792
14815,395678.58836610196
3576,696876.4085751812
10027,438203.29882957746
10074,273619.88484569907
15121,1062229.1719892635
8665,942970.8866769467
6700,447770.4394479622
9684,400672.48721530545
5279,742925.5586599306
5803,719332.2080003904
1534,384867.68243696017
10838,186389.88877514662
5312,469617.6552561908
3077,391297.854801198
3532,453380.07720635796
1697,531878.6314847987
99,252918.73412923992
8825,612281.6775151211
3467,605199.6649567615
4344,549854.7587792433
14697,626358.6586585379
4580,609061.4752711478
290,549922.6845560933
10085,632962.9195642965
764,837768.8927031895
8809,654012.9061980036
4328,346303.9039618644
9720,587290.8458807091
9620,664048.1801164872
13795,148096.11641423084
10903,840633.9636135683
10684,491181.01268980163
13598,685261.5388309233
5687,280889.72281276446
6329,450745.994885598
14947,663288.2333522574
12572,589323.1575800854
11491,614347.9433821763
927,818903.8810248557
286,340176.22412802826
12132,508053.92779148836
930,832479.3787170803
8675,573603.3754330401
11457,149616.50607789378
2087,410257.2580626273
8180,525023.8568541689
13258,-8582.586393636302
12047,830491.3589539013
11107,1588560.4832181493
1766,816488.5119777145
7666,793378.6343333082
5044,692736.9978659292
1923,145262.76847454533
14482,519674.88611505827
10680,692549.3996540192
2848,531044.4824754477
8677,466585.8521979515
1748,599901.1227296324
9188,731785.3550538197
12633,573793.0070078903
4614,332905.4261127516
1163,719722.2238480586
10946,1191638.81971073
5860,414334.0028377266
11135,294346.5544579998
7988,561940.3929453475
9898,656429.5368640529
4004,495351.8688022225
12767,321498.3597034948
7720,503798.3737206082
1795,409017.3848430484
11206,449193.3957872017
9918,641805.5475400676
4739,170527.10775413015
13358,971668.1860425062
1805,1445714.3591031248
9737,435831.1218702908
14551,177651.4214053196
9253,303166.43604311964
11155,581619.7300696645
7406,101875.14194197109
357,234830.83215385943
3678,537516.6977599197
5554,221488.36355683347
11381,510960.8216841851
4125,1175418.5483119828
12113,604039.9863978934
12444,562302.088489628
10740,596596.1182574786
5768,521470.4253654865
6890,506699.3763389068
2119,712861.1280175175
15072,828487.3267624839
10968,2128154.7377187926
7110,1264279.0728584777
6759,395518.77215755614
13827,340449.40775729774
13384,320206.92770269705
1714,778108.7125694758
47,752780.8022585378
4256,802114.881121305
1869,847786.6024292551
10848,463514.82737730636
11966,344065.31503117294
13214,1319380.4441061204
2448,339574.05918825255
8794,661433.8366384121
12061,192429.76384757564
12879,567919.5318403514
3702,137429.55519817077
8836,1153797.1886598654
1139,375089.1335594085
7258,467094.47911879275
10036,823706.2494088181
12639,372199.47349946364
3592,781772.2270628104
6092,9134.481222721515
6196,605979.2559609014
13320,557270.2864748194
5623,685351.7431085727
12150,928459.7849343416
11752,2167399.459320743
101,265539.17546771263
11656,326672.9575596483
10941,500687.913279758
13044,946110.9113388304
3468,406938.27492450655
2616,584728.7749253659
2145,931198.7907027458
1056,455507.9293575776
4367,495795.5690786224
7441,889969.9399830917
12225,523937.2633276775
2856,762332.8699168718
6462,649920.4155750041
2473,569438.2276603439
8001,478742.0268975834
14244,345842.50711456174
10881,480000.93460127496
3069,692467.0294532349
9558,1020747.653784908
4111,861692.7128035675
10468,301406.49758090643
9544,355202.8955556664
542,489900.90695111523
1475,659003.5812116027
8027,525389.2499007003
9246,731518.7532118091
1261,462771.8157897636
6178,388701.336778066
6421,759228.6030451516
2900,468861.78910683916
8598,-113768.72704067593
14929,300744.3781534368
7614,496561.4698550869
13951,1241197.4681602225
6682,834085.24910204
11547,193491.40721724532
6843,683747.036057774
4754,679908.2568133387
9389,386992.0389982547
3210,1466587.5742337604
304,-2972.505822378327
2404,465396.6879574766
511,406552.01552461076
14106,397389.6940799145
5181,352792.5201168934
2684,1099290.6196902674
5120,1239320.9351492734
11780,367954.82760883856
10657,565273.2970733122
8507,272382.0334625422
13338,117982.99224656826
9180,361929.8423635118
11331,541966.8290780536
1624,204094.18354423693
13865,302249.06741830567
10151,905741.9009139177
5079,441543.1452478327
2884,156586.03369780508
5756,501234.54995173507
12550,465381.4881440662
3393,411554.38988512126
5620,498663.4868433058
5610,22025.614170756424
7652,269889.436770761
2638,318108.1905590036
6454,358311.69280782214
4193,778725.4900613695
14834,499131.2329277502
15039,1193776.4602121352
13316,588112.5701492602
5151,970870.4399860315
1632,650337.6409598633
9757,495676.3281489278
1433,164241.43357040075
2417,464082.65776137414
8526,583263.6737921275
9824,323680.55133911665
14964,329987.49505184847
11781,2098660.47525842
11841,438816.9434260263
9334,728742.5497843333
1739,87608.7541278447
862,546645.4276561402
8129,610886.6493937155
7290,732573.4418978818
1889,388651.2347705809
3233,356191.358740855
10508,271662.60878894577
13801,397405.125828529
12872,393333.6497287629
2232,273358.6893892643
5970,519690.087749963
5404,580834.0157213481
7075,785004.8080737097
10542,954217.9817095062
6491,1743734.5714843739
5639,1020481.6311706726
13113,273418.3698937386
7456,1148791.321070732
14351,424640.9401830733
9289,789742.6471837949
12807,98226.11155538243
8683,256846.1051959769
7562,960809.5888529911
7780,635672.0872688581
8336,501246.75872461864
1522,497304.9951092369
8739,807636.043924577
2807,1654945.5763998334
2449,145100.15999402845
6027,358781.26307846233
3372,447552.47262811806
12085,761296.7723559972
11808,617457.8409140431
1107,525670.9552901728
6594,430874.8734958465
10945,836217.876907128
9688,111450.88899774227
925,496872.73346623394
2002,853252.1232611362
5082,298088.1645303408
4676,800733.1809666274
5434,262233.1072269868
7716,177449.295083288
14857,271232.4943063415
13636,262042.74263484532
168,351255.3811734775
13398,240537.75290340517
1623,712541.1735593777
9543,719454.106476772
2894,474361.96514757536
14381,569127.1034972485
7588,346987.080009351
434,290114.8466749412
13552,113063.6034912027
4029,484516.0591497163
6298,692364.827574428
4093,627689.5640385806
4081,225498.2665462367
1722,286402.0798077544
4441,334465.6359446922
1418,304311.7038435113
9740,606926.9460444147
6842,724996.6944566795
13068,277898.4981131084
1226,1047109.8042763143
736,1067966.563385881
9034,312426.96448384604
2874,442766.79455565003
3795,651359.8025220535
8136,279374.71152504353
8009,706238.3133837336
9319,582845.2426105025
8124,318565.2769739042
12082,650523.6329912262
13647,567280.3011461729
1061,452508.50678046164
8741,318191.55700573523
11469,404175.2988442383
10609,1447160.8266820177
11001,370791.5826843387
3617,620607.4215900901
14829,287849.3498614294
3522,713597.9376740924
11301,416186.7281395311
13972,623336.1989039236
11325,681235.7309977652
6192,351919.8374905365
10226,612135.362607725
12708,638928.4546118112
8904,395917.00220098026
9869,247302.89572801616
9920,173468.95937937335
7959,269711.321728118
10564,936051.6507273136
2177,666693.1919410351
2518,396365.0902639099
8506,413424.60039633303
13408,680189.2702980058
200,256425.36238317797
13726,209173.68163000967
10376,792782.0395755003
468,513592.0538284729
8426,195160.30986323633
9830,168895.0755043131
12517,106892.23399416858
431,497810.16702122893
1121,289150.1806387391
10494,429227.2136098517
4162,601754.0221077555
3860,635056.0326720031
5444,311281.38706475706
280,380516.6104604106
1254,576150.4543759637
6740,244416.85561464215
11860,947822.4764885753
2676,769789.1815984198
8034,904424.4552462045
15089,546173.6571154235
3366,2088034.2215045802
518,290236.1433229933
439,329598.4046565033
12320,550187.5857896773
1984,554157.053925554
8420,398785.1534760633
259,256567.8118788337
13817,1024425.5062062955
4073,776156.5529440711
1320,461382.9476909393
2861,187257.1818223679
11735,576253.1544066948
11951,381040.2056458737
27,-3778.3366842756514
3635,408349.04286280356
14568,1000310.5854304766
14184,681528.931815305
3995,136704.09935541102
6018,198203.4429278553
9597,556881.5705895801
4817,506838.83923026524
11927,568477.9509709403
2859,467555.30164950603
7556,764525.7827468615
3944,413539.0786540161
2805,522829.76787937887
1402,585707.6948708836
7502,357121.8613654559
13076,340982.1317564066
3455,282706.5937369326
11936,467228.3776120762
7630,661085.221022209
6345,516455.2707335633
3708,473953.53200647037
14772,630400.9793689877
10475,534950.8026429693
5183,670609.0562354873
14620,878908.291537886
4245,414481.09025041846
11612,143509.41033804417
1807,584373.5323629692
4226,529723.7222990993
5496,1064579.3768005036
11879,419823.8706012912
2760,843469.0278075864
9063,367859.82238103385
13327,384146.111227856
8450,133703.67100501707
12097,454149.5107455286
11225,1341922.9083229029
4337,401804.463406842
14953,248103.24023615057
4024,275610.9942745777
2301,250620.35776461195
2704,224969.65241451847
14830,237520.67278689035
1087,421524.04058842483
3623,634220.5059053224
2791,458178.3576698015
10622,220917.79124718165
2459,205239.39123349643
9216,663633.249294003
12059,453200.58843502705
12336,898093.4942902816
8379,905038.5008807436
7645,368257.93226121715
123,777510.7246973761
2201,800678.7385959704
2988,222706.7393741508
11390,744290.5531777599
8743,437850.8075471736
10546,539426.1680193316
11831,192170.851049159
273,268505.51343322155
4231,333004.5305367396
3941,769400.7027896278
5787,416033.34174235445
7914,762650.1342588764
10166,440506.3007937578
7735,385883.3404732265
2932,211980.32413218165
10402,253958.62486919475
15084,680648.3264273846
9147,374883.08095079544
7507,633221.1363639793
12842,30928.10158668895
14442,469623.87135180517
10490,706370.290689476
4464,873927.4568175203
9245,213128.6407932024
10669,1484104.2512691682
12013,1320806.10240318
8084,746415.1989462969
11626,288992.91413284815
10405,479958.392723935
6128,695269.4337988544
9694,416122.94090214255
3502,263901.1339584104
902,310936.7316768741
14978,260859.2183312273
6067,308103.87879961653
19,339583.98071083426
6810,377965.2150523307
5357,713432.9124957382
9371,775884.0943555529
13640,289770.57821802894
6321,518976.1039351799
7584,228200.86956721172
13940,628123.14502141
5527,2173125.371554783
9566,395387.8961269502
10810,168703.11127137893
13383,803854.7032914669
11604,660759.3915030083
1957,407585.67047277815
8008,745765.9523499543
13008,772424.2219580363
3256,421495.512742726
8986,371228.0879805654
10798,1022822.9206121543
12671,382278.6650874783
828,815553.2803920209
12167,759033.4201377195
2095,150521.42973147333
7931,391512.329104658
11762,509358.67963183747
2312,244292.29768506176
1688,952709.4720420217
5568,804213.0178421466
11377,334924.12889541127
8368,670741.7391137688
1575,551544.4072840418
10325,254406.8021209956
1720,125888.86231692968
11575,347309.8627327164
12632,412306.4148450475
6281,754686.8123204338
11528,257407.08183303237
3578,500453.5254086921
12174,1050225.9087735023
4398,394013.69300816185
13702,537410.3464844704
6670,571108.3514805039
11262,1016930.817603007
6808,313079.92513432796
8542,536106.0866968276
5836,556985.9097518843
7919,727936.562593563
15077,437687.7051095328
8079,402739.98067972576
5274,545493.1979668477
14906,617822.7352840495
11014,781455.1891602346
608,510054.9174140037
9035,357318.407164861
13402,431541.57787541574
1086,618716.9015634115
5723,65758.15163792903
6660,516012.349685705
11507,958939.6493443245
2009,463114.1898569927
11679,523371.00408179685
11268,700327.3911962752
11441,892409.0948789394
218,464665.0610538678
3728,617530.4910750032
14745,767243.7566405053
360,1664921.8402330666
3017,397431.32386297337
4832,441998.6765863678
4702,497807.8764361783
327,577713.8321487197
2453,387003.2811083151
4606,409008.6358300957
4074,518306.76808353694
2366,209657.81486658874
13742,803615.7067637522
10146,1169163.4365968062
1350,111016.94771172083
2250,504318.74454760645
11200,29193.97091776086
11942,399392.4408552656
8270,263280.99292432575
3248,331691.19418588444
14508,760812.5655902814
1921,176510.0181773802
13546,686837.5757279078
903,432197.4671219904
10761,764990.4938195031
4785,632426.2817024126
11254,1094948.8128080936
3508,197269.2768807562
1662,230683.9852069012
13967,455315.9278504369
9033,293126.0007562811
2992,223830.07696956402
2315,1023555.6301568653
8229,88859.01748800842
7157,405197.69729409856
14120,470410.86387201253
1358,266080.7204906499
10979,443888.396003408
9893,410225.54715425306
9395,214030.62998695672
11298,765237.0892628687
14371,397255.4238170102
7911,219573.56432272895
12375,735808.8896697094
3221,1116450.6424590163
11406,615638.9357895617
13630,345727.6674983595
10994,459778.1569178676
7559,437669.40454836236
188,646468.7730944877
3375,142980.25009212777
9811,36240.40727984451
7965,626025.8018696829
1270,1460640.707015155
7885,556114.7640405808
11250,552143.8510519116
10035,274716.1224263936
8287,449686.6245910951
12372,465078.1311832493
9853,287859.2609197497
10667,731634.7116635018
3314,746029.9953269933
102,356884.39703360107
14778,566667.543185945
7271,723511.4266132402
13985,476597.7151856272
2909,959876.3043329284
3755,563987.4592429163
14324,486885.98192984995
10855,438211.59826859273
11573,533127.3756916656
373,764012.9137871116
4925,405542.18581745913
7792,418908.70944029395
12568,863319.4253259731
9404,945666.4687928221
7708,660398.7398982835
3820,186103.6735588864
5627,691469.5885466607
13561,386932.3543463346
1650,368940.813704831
5465,202332.59931079898
12810,522982.18825115706
5719,289890.8484474002
7277,540274.7016473722
6205,518830.52806332335
11880,314757.1167692223
2536,292279.90793701855
9270,814129.1695426728
9857,622946.7035802645
13095,356339.357295739
2337,573545.1283856878
3325,1012737.7933690522
3251,1100019.54064684
9978,343658.5717744815
14877,467760.6108406168
836,254189.60824838368
5503,1305257.5128067979
9723,29592.969373375992
8602,1076281.1873115243
6112,655733.3236297448
9038,492458.26229420403
12180,390378.1048716679
4347,762055.3765356003
5493,707604.578835618
11917,1027962.9237340719
13256,471717.14806950453
12083,682276.8089105207
1744,533238.4801658553
4991,431959.2577510347
13130,614766.0572203767
1683,573089.2329457784
3101,721867.4066226004
13947,373871.1984030499
932,316653.5881229064
3601,329910.1099649321
8413,663597.3241004347
14343,214030.10779375484
3978,98144.78625960939
1470,495925.4783619561
3344,486016.88193899207
1655,721263.5065545501
9202,511020.8179145594
13393,216970.27488485153
14468,154275.78775019053
6203,778843.6927540634
46,96285.90975627571
3070,668707.1819952684
3425,308578.0724396977
7363,439814.18261106935
13352,367938.20959834196
1022,595086.2285293773
385,818153.0796519949
4604,347166.5546111502
14260,196801.67007640854
2471,253156.7785262002
11227,368060.0233110467
8215,348584.33991033613
15113,468905.66899370984
311,889863.7832631157
9386,590570.2532705526
8443,843596.3960978275
9883,508700.0926568048
13734,703709.3602958722
1310,1024379.3538905117
7921,259220.9715836458
11158,799418.8540020755
15129,175415.50359828136
907,282062.9769302006
4696,819514.3913200826
8118,461502.16175125574
13991,763780.5914798902
2478,446756.9350695313
12675,417612.52405540505
9399,121429.87199911178
8137,640788.0626345999
3658,1066080.675870275
11749,678948.8761548831
5957,327658.80413966684
4115,1844758.3036178006
6695,386730.09634844866
9453,239280.78184919257
2798,852173.050990856
150,666533.3320581538
13982,925546.1667861436
3980,737557.3453170197
8359,762306.6447410119
8776,1156990.74493307
10008,679062.0074865046
1393,386865.8347576688
4455,1018512.1857514968
2439,277469.1163565008
2609,112597.99142799486
6951,299240.7486238472
2154,542551.7348152992
6070,487765.9162506987
353,1382713.7299677278
13969,805888.5004194207
10362,545297.8157730781
8358,454338.7385970142
12458,63878.97071061452
10726,795292.7818633625
7046,426373.7457240812
7501,187943.3928794969
12146,564064.0004659983
6165,230391.51821454818
10452,141259.54107437376
13176,434845.1883912524
7077,396783.3920107324
14143,509334.39372537995
7229,512814.67019634845
9045,655353.5384447472
14,106793.79872936005
5440,685328.7197548093
13054,596312.8914038836
9384,243388.54756749503
533,156142.47900747712
9639,363473.3535366345
10529,598626.2475274559
2919,697784.4768442067
12229,614331.5581551639
3774,337839.7833745155
9340,467817.459887189
6829,206413.55038222205
3827,640505.0178839649
9125,873313.8495646513
1768,526918.6036460752
9606,1094874.0163852754
13314,320548.4242257062
568,675899.7012859958
14844,832843.3771698654
8191,859134.3440723671
31,661709.5029424422
2585,320978.568857518
121,414748.0388265073
2452,527361.5316358451
10428,209595.56506523304
3495,518579.20826106705
1935,345244.12194721395
11233,1482878.6733163046
732,481444.44020721666
7375,626229.6699830488
79,527561.4670054229
13896,837729.5102239191
2906,523690.1445622456
410,505187.87932954915
9505,460748.0344288704
3461,251400.12463333074
11112,323079.46590919106
10133,82158.74524017586
14547,472936.59261106455
7310,378853.60141534975
3921,720879.4585457759
9303,823267.2066945771
6118,205225.6785572032
12830,722664.4161946776
10936,-162583.22330895695
14251,748517.6092787443
13386,794312.887649747
5379,460831.1819629707
12739,169664.90362518438
8913,765109.311485193
14306,749101.6425718354
6162,1306178.1332077691
12371,267899.01472709037
8449,571106.9752495006
14963,244075.6039112828
2019,48749.532735248096
11498,538916.792672297
10130,423384.15062897664
8446,242830.29120725766
1489,-45605.78366461245
8061,566436.8273724482
1326,488363.2531117993
3323,238925.9484836551
14725,216111.83041906497
2025,200158.07774843666
6849,680020.9494684552
6741,346824.71661375696
14376,446781.1490284897
9158,570625.7109648237
12584,428990.90920854296
3487,357818.54804108385
14875,750241.9851345158
6765,345351.8744452215
9445,655892.2752722275
13916,473404.6989214617
455,221656.6149725137
2751,536267.9321265967
5117,242315.79388943006
9982,289172.81042262225
9292,239788.48217803263
13984,1079529.0206987464
5460,372525.1734860391
10334,172370.25648356188
8059,449444.20786738535
10632,1332518.0673579914
14789,162382.78303303628
6725,341733.92114762764
6348,367221.0302317616
6634,179164.71319701365
5938,582540.250548292
1373,626604.63043877
5333,360242.0004591611
173,1119294.6250608717
10390,663503.8758342236
50,400499.3519436512
10608,340146.6584049602
8998,229496.5090993392
7391,209976.82513686887
3322,165402.66564690723
399,863727.765333834
749,597721.549857523
1769,1363541.9681286523
6071,343178.35047210834
5702,295839.3839942296
15031,256244.96652017662
7514,59884.03346887091
14688,1442225.4537363136
7824,593833.3046035354
1039,353286.2843228212
13729,445303.4383584264
7401,415470.49867483263
7111,179810.46044393984
8621,497894.5329763927
9055,503263.6039273684
3021,148444.96178891213
11433,492777.6739062098
8994,256537.9607240641
13774,865528.5797278952
2816,802906.6208416582
4274,555666.5498933152
8183,834216.3760311163
1730,579145.4157332977
9284,568139.7827334059
3429,468819.9369090353
13286,322085.8901752001
14117,223349.85122861434
2818,946058.0533657379
7583,316106.5591372614
14158,1496841.9512613807
2236,466912.6839148722
1213,922574.8221623022
7923,529815.4856241414
2991,643767.4934179412
5945,680867.2226736193
2546,123577.18960372166
2325,630515.6613729142
13457,384530.8751153216
10880,585113.4274289613
4026,506995.8641931938
13212,346373.2051566838
3881,627673.6760180251
14416,214280.67038934422
14706,425488.29537611577
8005,1235865.255455031
14358,526563.1884622031
6790,548311.3758609511
8826,561009.3312207957
8471,533091.7428573822
4461,657222.6502014406
13665,294473.6652358513
2543,402142.53578639927
11717,844607.816097925
5632,595998.9851351968
9417,688430.1897132277
8972,340027.3281087305
8570,242725.28950667946
5306,607046.0228710443
14563,341258.2730652535
8409,365977.1401469684
8401,303007.56860589795
2034,413424.1282164906
11926,434846.09381971945
2501,778295.9283285122
3063,199997.60024233477
12800,201152.4421252897
2348,471560.16812805797
10606,186478.41600729205
13842,1569439.19265708
624,353903.663545824
2360,529267.4868464973
10762,284362.18533881777
1743,472148.85894151055
6334,866175.2636994245
8028,225994.61431742553
11199,610242.1549798482
10307,641636.8263496939
9690,478771.6410171455
9494,202747.70705692342
8910,592632.8823014449
4745,530898.5025949276
6896,392577.5554541943
14079,478406.55352067336
11368,190969.75461525674
8,441865.4278571269
13906,2094694.6882083174
6825,435530.1417558443
7918,448266.58208673826
5224,318867.2437370032
450,245289.18515431212
9082,38232.09526646073
12250,459830.0129965555
6930,796294.1183676751
2858,1252506.9327526689
3546,338750.05895381887
9927,208666.8402386778
1740,526937.6189798729
6427,446369.4691036624
181,1543458.2074239028
12131,253121.6969072675
11973,440189.2202479364
4914,216825.18998758192
14630,160170.14497034048
12663,921336.4958310705
8573,586080.0939152262
9621,426657.09194002935
2966,859612.4934840817
14081,972851.3948976388
1586,341711.26329190354
15082,325258.64103403874
12114,616514.891390891
2444,1718829.1633019452
13030,315721.1661138567
7200,631722.3141769184
11732,448079.43083690247
4062,117157.23105231998
5196,364252.1961121614
772,291890.2316366718
10437,547557.7917159742
5195,222570.0468637984
284,909321.9465026379
8142,831604.0792430288
2140,881664.3543030203
12417,268623.5821107263
326,287420.60392636794
9850,554352.84634721
12190,316023.3441927496
12947,477148.63425288757
3274,335474.12500439316
11178,472108.3236036382
4750,445410.62751650694
2227,1242246.7476121061
14240,674245.2874750458
15049,574341.8517864166
2167,294239.6962407697
9187,271218.55685105285
2655,451244.0426449685
10976,1058677.2089281757
14828,707626.2312310833
4990,84285.268253082
4848,193105.93083757965
8630,378849.42298604123
14450,267696.3885195116
1453,835435.5408364686
10765,716848.0100767196
7306,584289.4341333607
8530,539575.8781513609
5013,545693.9597809832
14029,878111.3141835657
8803,474169.3089924391
6277,352438.35779576295
4962,471565.96699471923
8993,962454.743232103
2626,801201.6318362873
9185,803664.6632000632
5384,572756.9412431023
6472,1324974.3782063643
4919,704316.7429960951
14236,789380.6254810435
12266,255033.54135740554
11360,326885.82461148396
5414,449826.48762732523
1247,695759.493329789
977,682670.2687204859
7981,130211.69844433625
2267,48333.1563308824
13032,284785.4335568785
3704,113296.28976381954
9994,194937.80845515314
9707,768112.0578148915
9287,424861.1470598236
13632,635213.6076580966
2189,297199.3574423922
6545,595461.0773756516
6072,383186.5176554719
7589,633266.4754442759
10333,433320.64602928207
8979,519293.97332188237
12578,519082.5914640523
3465,110417.7681725503
11068,518365.1093313222
2943,796738.210524405
2183,534680.402049134
5371,298287.43271367776
8709,667130.3642726506
10219,776721.4073804356
3297,634641.527566852
14930,652806.5335199982
11601,359379.68679495074
6312,610180.8451588983
10898,736318.685825124
5479,752598.4488082783
12809,857053.2621972706
11090,151578.11829060287
2677,527859.1074453853
3975,219539.85587247938
2231,352169.75157351186
9030,356816.9513827524
2608,908024.0793329256
8600,782041.1704592607
6444,992659.562878943
8642,497597.6262441157
12531,446950.3177034664
6651,567083.2933160679
10312,186396.02882242756
13332,1016944.8780546661
12476,550209.9393562048
5474,919878.0413786143
8140,201144.05472307315
1217,579514.9416420338
9466,1119622.0424941843
9418,911157.5457972654
8863,110939.26216263155
4740,441264.59306693356
6338,218354.03492724663
3898,670586.107013801
5703,561515.8291298747
177,1001644.4529299346
8388,169712.646148859
9112,436849.40000115975
7884,172258.64248145116
457,995047.6318699884
11737,385780.2781110849
5556,522015.6582293609
1844,393398.5994164359
63,690556.5298909465
10477,390530.4590438277
10990,436833.6855035686
5980,593380.161807769
10191,1061573.7987977155
3290,458785.61149278056
5071,312387.4701621818
4087,634036.2042613422
5405,495883.2971489362
2351,293575.63014132564
9697,136675.09208998265
11765,534121.7059809108
2215,685102.0828435952
5165,224143.98503691942
3299,588481.2717570338
4629,524871.2624979179
4355,286727.98269571754
5400,20765.77352236671
8916,393125.78928891965
9001,734855.6756509121
9843,270337.29457281664
4731,1220250.3211899714
8918,528592.2853812308
795,680235.5792073908
10626,460994.4753659608
8273,166940.86252740357
3745,481971.19055080786
12493,422111.6817991463
14962,1050097.28658102
633,190736.66209982667
563,653146.0834184336
5050,437292.10730950924
7946,363490.02036131796
10280,597226.9988270841
10190,102402.44834499061
12707,583115.4735261939
13566,1066501.0810999984
1911,253496.8105835166
6083,52773.36807295715
8149,1374886.3542401548
4783,715136.5336075709
7944,535372.332870977
6662,633974.3425882104
14497,229261.8773640595
11804,491890.92341909494
3919,340827.25872233976
14728,572052.8168154507
3955,142433.13698579842
1411,731902.5781454737
10790,394389.0458251212
6253,517215.2300823413
12694,545223.8146043511
11629,846197.0466976181
11212,499209.7013607116
4983,620376.5912330142
3559,349961.3669756809
13755,395460.66241787886
5597,512120.03386127297
3846,436328.7008918774
3501,160962.88905394584
407,214285.78691503085
6554,427688.2241460671
10346,390103.6039028405
11461,220948.63579358294
4649,607697.761333123
9625,741302.8271112286
4148,483326.20378112415
8594,303313.1227790781
12482,667081.368980708
2357,723607.1359188377
2512,129964.03089650377
3447,574931.5042871743
6075,372531.9383462559
5403,402121.7473435543
3341,217832.39004236343
7952,282118.0547135279
12290,427193.00559980783
1385,398082.0143417291
9271,433462.03897247615
683,461745.63441913907
12276,87218.1775247259
1078,486012.68888740684
9498,251178.08878481528
12451,540907.0757409458
10553,321610.74077237427
8878,833986.9967708618
10274,541860.4624000285
5081,466184.0787927214
4192,418601.78677720006
8018,276348.11493827763
747,176492.27609565534
7276,472823.7197387016
6586,388072.1412092007
9431,451767.8081920021
9647,-27730.694167042966
9096,384059.2793027556
590,354472.16459127975
13662,465249.26395462477
8285,354659.32852316124
11861,913229.1740784743
5692,759562.4547530366
13570,236399.9127867163
3434,958083.20967911
12907,1525950.3036481452
4829,1202229.4033505113
3058,134074.08339000115
12331,36080.587539128435
4296,735714.5867068209
12549,498090.63306411303
6486,265724.9103212286
6399,770488.598304118
9622,286016.940374187
7188,226373.07882125437
3753,738409.6763552909
473,414631.7484482456
6805,186613.2689105086
1398,425411.8609874699
7131,140902.28191043664
13155,637101.4828606436
4057,471793.6507546747
12695,966841.7034581783
12134,660289.6837352485
1533,528951.525641808
12756,1046885.4827124961
7492,738993.3023879209
4336,510430.31575938937
6292,755667.4140251887
4618,809357.6304610146
3942,315854.7138985376
11034,418413.4843847483
9056,683721.0275236317
10080,661676.6582710114
586,343161.1064680047
4794,252780.74434997945
11912,472957.7128791893
3204,703407.5418141154
6161,591019.1619313709
6248,557185.8065767607
14462,513660.9284547083
7251,319058.0972869117
1606,843592.623357204
2334,105383.7128926894
2270,393245.64168405626
4220,397540.25367046875
11730,58810.147970310296
10637,162977.33634539507
13901,569282.1861950798
9322,576418.2938114873
1983,1172862.7179961917
10836,695937.3713647599
7217,604198.4299859897
10335,467721.47135851614
14998,597932.395687136
6125,549366.0337018627
6916,474446.89520675724
10505,645896.7766633938
1962,162606.5710979458
3679,647684.8403182201
4885,733980.8535822885
9562,1365564.9208675604
6332,248686.90500337974
11671,516927.27844073117
993,201474.66261544422
6435,94520.94480170135
12530,367457.24893255474
5740,358917.1838079945
6692,665918.126348619
11981,404986.34113037644
12325,430274.41167934047
8104,812814.3258034791
3903,270379.9541884943
10465,409395.0586628487
811,1263477.0970188342
5028,607109.0595683482
4708,384178.57059403206
5582,99574.74536042183
14253,898211.8809517012
8410,521614.5565859492
10760,1271658.101286789
11094,1202205.3881546813
11180,194329.19530146022
7912,606740.4048743021
8063,452025.22063984425
7948,685585.3753219013
2796,960994.3693110354
13590,573579.004591207
7847,403878.33200812386
6275,864939.4871628201
5659,261049.2638000687
10286,55700.74369675672
5905,315007.87702263525
4850,459677.9270040881
4339,757402.9761089212
10480,304831.0300267669
12058,177813.60440496204
9022,328457.2140139454
13889,1026933.0991024054
5608,517764.08451288874
2112,651964.5871864993
9983,132833.63093842368
8240,166289.1099798982
9195,478514.677167237
13549,595220.1401877251
8193,236653.24874933856
5813,376181.6560648952
4403,844251.7932585476
8489,456423.3179639508
1488,1376232.5862225522
13041,501722.632261009
13691,495078.5197150959
4128,723759.3672367873
9006,746019.5329775034
9380,148626.4286898767
12701,301952.26603109145
2214,568854.1788507259
6086,743060.2185992133
8115,275295.39115216857
2954,137597.4655088614
12538,677928.0042491183
8452,712309.6479854288
6920,1004871.9461128658
3208,170505.44348572084
9458,1079280.202957446
1803,344052.8007946565
3418,295510.2849432797
4075,347730.0948147569
15014,740771.1913760917
4659,432785.2032438646
11689,540235.0775152347
6605,402575.24268307735
8260,209048.58163518168
6826,103455.68319863157
5118,560689.421918711
11297,928508.9948535094
7945,339249.4580554692
7344,426870.52365383937
14999,627879.964211013
3,447289.3649506971
14308,777732.6722120845
15041,765523.2839054546
4828,445002.74988885
6141,644952.6266889011
5751,204490.75996474863
9079,240154.15230604255
11020,860536.0605466616
11803,348396.1170372219
960,503608.24380862346
13522,550748.9524796727
6461,525462.5273034978
11978,602950.3588620479
9680,133069.83677581558
12488,749425.5310844581
2483,518744.05109410133
8515,578416.9136542585
6824,360394.18843162
10561,1315584.734771673
3889,198892.58860701876
10803,220994.69780926727
6173,521764.64567664295
12496,541475.0532090331
8797,412561.6971252622
5762,699553.5536080913
9396,793737.023602248
3989,203843.30618576938
7420,433973.9599207391
7301,603752.7062071086
1747,425996.58035827125
3492,531094.6613679368
3369,617135.0475187147
6847,880093.3896089348
10549,367228.65875887766
4400,732943.1057884311
14280,933977.076512582
3268,388036.51963639905
1579,57749.16410155129
13775,358903.7011391611
13142,802748.9510426441
3184,297563.43642670254
1944,510912.8648854064
11900,595748.7952550162
9307,467481.9829502319
8077,517382.43068594293
4874,300845.5019108689
7146,277508.5767539053
14554,478673.0812456902
4280,439161.1404246079
4216,54485.90256442636
7773,926604.1520914331
9515,367151.73824938666
6880,520571.67263743083
13238,651673.6373521443
13920,444994.1714581807
720,251607.11212068214
4190,848966.589765843
970,1504456.4577552623
13689,972776.8184653956
11913,564613.7502220205
2184,585815.0156101328
4265,697408.8708361437
9186,496176.5119981773
12365,526230.7733261621
388,405201.5111606427
4861,621170.9342758813
7828,340221.08334530814
5019,245207.6686237799
2405,545913.2101683173
315,558511.2890786261
3115,417563.0390164493
7653,482108.8344672222
13293,125696.1835114081
1328,375818.6347402338
13504,274945.52670825506
12841,328415.36611005885
12569,482113.21774752456
8568,645892.5303204089
8441,418084.4889683238
9212,213063.00750638975
11123,55258.784671691596
605,971089.2589941286
9993,645896.6807746202
2499,529998.3279523036
8729,668979.0359171543
7767,649676.1332453949
9608,583585.9704074501
12390,840968.9102367394
9548,356927.04182625894
9701,810929.3009053039
9646,182160.3345464621
12558,597456.5772590261
9272,622926.8564053444
1368,198516.8636457555
14441,381284.02510977315
1253,195450.43468876719
5146,583716.9118430602
5267,462128.9928705874
5872,526899.663120491
13308,477155.14533380535
13169,664881.9017171705
14070,367735.14754084405
12570,1218766.005653423
5910,696606.5184244141
7672,442228.336775683
11748,857776.7722911878
12714,336139.5923894347
425,311775.0555488878
7234,571940.5615471351
6870,986701.3739526247
9132,431957.6727448455
1111,421256.4855990551
6536,531627.2512360122
5651,364700.9371156826
637,617603.1840393892
248,175505.64339397743
6572,409913.9510109336
5838,636870.6665986581
4602,454201.8503553032
14019,962380.0932776534
696,392261.5143612253
3098,1515935.7324651415
12516,615548.6898445052
2820,704573.3192738667
1236,69401.97457174101
5032,545045.1457530388
3684,581336.6228758697
1516,1661835.8543291353
13380,322989.52588097285
4974,743834.5385024641
14333,840659.6545222313
1011,691008.1072552697
70,333318.1985431132
3547,843979.1471395378
8654,817118.2296567543
4459,894701.1432412795
6664,505065.9878738774
1178,590868.4118924105
4130,202063.25282046705
13351,630621.7073355662
7874,131724.9140159352
5483,331793.3050180132
11709,614750.4916105602
1953,532679.2247323077
2020,337787.94012658426
13930,958116.2060071318
3599,948183.0198193195
2559,268720.9047041045
11076,214894.7643053262
4035,629341.8606701447
41,416870.3865042706
5489,1476684.4018068297
7210,452143.6328073981
11270,321992.7263384393
3571,956177.9490184973
6341,889707.7207596166
6945,364179.5488714776
4900,914467.3929723062
6270,776844.6930915837
3651,-49210.28335677099
7360,628539.3863251887
12353,638872.032059732
1083,571573.7725280338
2310,614633.8091544209
3784,765621.5832148961
8341,242999.05175375973
805,-391130.2038928382
4038,164026.96363458468
11770,348947.9668000047
12233,1311957.1788064218
4721,306404.2068826442
2342,669154.3132483811
5425,457825.7165143443
3479,442060.8825113506
2595,476094.7119283203
9725,782103.2588992334
3706,881396.3557629923
2582,584058.5713958904
14689,757995.7588406593
12434,907885.4470550413
4168,893007.7749978728
11162,725543.850765963
5049,493073.0654101498
6648,1022672.7208069391
10868,219707.4008820093
10208,434859.9751919077
3143,416020.93774362333
3014,501086.69948522554
8231,712953.5257992626
7386,556446.4797105712
7801,602126.386919658
5899,346284.3694168648
6956,751059.1355323504
12300,277569.6179660603
3404,420951.37885011866
3477,601624.0073297359
170,577579.6824235012
5309,1117760.7010273603
217,353913.3922530642
13281,581467.3864239632
7518,424462.5045657706
6373,1342142.27544428
8898,446347.14847305504
3422,383831.35900897556
8805,165132.26649886236
8962,467246.3533334586
3527,382808.55682817573
3260,557626.9399829556
4742,576097.1854227908
4010,490566.99183010927
7203,578015.1762462027
10784,363298.5421880133
7621,324268.3708228396
7785,623657.3595631986
900,301105.36030743446
8196,265285.27573179215
184,250044.5649878186
1989,305218.3471534737
2126,413161.8094732439
8885,469429.44080899266
2254,694431.3575013629
12262,210175.0095699838
9572,451200.8228764054
3214,319375.9119182554
2993,979428.6305512452
10423,422480.8092853459
11610,350545.00290411746
10066,429545.70085855236
13422,460470.79324134265
11165,332177.927806222
7316,807611.1130006689
13918,152328.21953548188
592,183053.08292158972
10744,798350.7716049736
10328,196992.36063051817
1617,209181.75357406534
14960,474972.3524884595
5001,216542.03707399045
1114,268784.7379973123
13605,466539.9375758183
12036,722891.1780153087
538,525038.1285444119
9020,1032074.0985393244
13660,586495.8704172767
3106,688207.8069170874
3433,736727.6595078224
13887,598224.2239936133
10846,373139.7700056248
7458,604294.6613712787
10732,421123.8761625359
4660,449110.0276833807
5896,531824.175455196
8478,645344.8122893885
394,856061.8575810855
9264,1705844.8530649263
293,482304.8163009645
14594,463888.5793872834
11146,484645.3023748686
3482,461323.8582663052
2308,156113.83913816145
9016,192914.01313778962
3611,330502.81512080634
12604,553399.990210534
14926,1248019.832602679
2662,674458.7627532326
5689,328424.06097590236
12205,268686.287725232
7740,154093.6540056136
13437,820053.0440726473
10581,757068.5543149137
9861,157725.922288234
14742,721516.2384523097
12031,658278.6875172813
9193,644923.4269476667
4048,297700.7003644812
9592,444761.3119364803
9837,100481.25475199433
8374,13771.780425728182
13248,728819.7454599463
5893,1572102.754132498
3207,719280.7272759968
13618,585913.7209086361
11471,680847.946911513
10443,513357.99848849286
13634,836973.1084081705
12079,640769.9503031359
9379,876790.7214039675
9537,165306.26811829006
7074,1265030.0180055804
10691,355055.1675683949
4463,568365.4701049553
13508,536778.6325505443
465,187130.45459978638
9628,1404415.5481405985
2122,410853.4686183235
13325,386898.75178333145
14690,546617.9536783061
113,1589267.2533473615
14946,672078.1653903833
2319,652576.8163811279
12226,292113.06277825113
3165,660772.883229841
13190,114332.35056435346
7402,190879.068634765
12408,619999.2053627737
5202,589996.1577558035
35,293730.3869308876
3996,267320.17599200294
9234,265155.4575210816
1071,807417.2273906455
13391,909807.5752968234
8670,159983.66374007153
14335,218726.50746085774
5678,330100.67102232185
3800,1030632.1279287713
3016,422122.21392907016
1372,188477.44543620443
8696,583694.6300874966
6908,592386.5825383812
12310,1020836.2065944506
3710,345400.0855217977
10369,481799.6733323711
8528,682766.6326999108
2996,523585.82570700813
13151,264266.8746714184
13514,468997.15286092483
868,359042.9243608595
6143,688097.4583586488
14852,239428.47500498145
15,776154.9494433245
12548,505159.14072340366
12585,515535.9354483973
10051,389433.66062303673
11448,1318966.4616393982
8742,275785.12651581515
5339,725792.7974365766
13199,742667.4975281069
12419,86896.00598493317
8875,508129.4333994513
12416,692493.5629225112
10420,559497.266460904
8819,924321.5141121931
14677,365850.24123746355
13235,652001.8268130387
3819,191612.80536892166
13677,227897.95599005494
11842,301866.3015568954
11175,175246.8697579126
4506,635627.1023876179
3025,852837.9791365033
7307,124389.01969435718
9353,344764.3716846977
7565,548908.1724684368
10474,889940.1522304332
6151,331454.10450890474
11529,929883.6346100118
11275,657360.8260097892
6850,315538.7156410025
1562,482767.51373372483
5304,321163.948532745
7335,238357.00719252357
6932,234676.14268266287
4519,226281.05617723073
7416,387814.2480687734
8977,1095472.1313016345
13671,231607.73118317657
8715,217726.1317275233
8225,238474.91070566635
10203,696461.8504564154
3707,441539.4647797822
1659,1363727.9287218442
5446,356276.4079876663
7283,356099.20913068566
1370,300931.75478922157
10370,78314.2235963071
12193,258070.91501039744
13085,517278.14189620584
8051,188997.53650744382
3948,641394.4453185572
2099,333397.28350047086
12789,521947.64211570675
12798,746899.23855137
657,590468.4801040947
9612,450642.35406114487
12239,367838.4651708824
6929,761364.5078945011
3169,827755.8391058142
2288,483560.22480832954
12783,417291.45089042647
13065,508691.2536088378
4127,212619.0144256772
11652,165429.17402203585
13047,266853.9421576399
3692,532900.1694698262
11078,495475.7143884633
8372,472339.4426627633
12514,536537.6365352061
12465,294217.9291169182
2589,438234.3051901852
13685,498551.8869420071
11504,420913.7143513989
4149,446892.66766885674
12506,136079.22790287447
4860,1713184.7449708357
4764,447201.0767170129
14043,656446.7294487492
1199,1366904.1441176862
12077,523371.34406401124
13269,984318.2125530322
83,1317401.699057497
1026,170233.42710878007
7228,457361.512817207
10705,217910.15352763783
5771,717150.2728916463
5843,339561.0497919319
4560,604622.0523697131
5861,480322.45292899356
15100,371456.68626037275
8627,670660.891354525
5278,343736.6872918705
5880,789429.6486360892
6641,326276.13423290575
12460,260366.99688967265
1002,435712.9929600142
9281,540275.6688842907
